uuid,ext,gender,category_group,category,style,color,season,material,description;
"24a30b5e-134e-5f3c-9018-56ff6754f501,jpg,male,outerwear,jacket,classic,darkslategray with red accents and black details,all-seasons,leather,""this darkslategray leather jacket features a bold red accent on its front and contrasting black turtle neck collars. the sleek and modern design offers both style and functionality. its classy appearance makes it versatile enough for various occasions, from casual evenings to more formal settings. the deep gray base provides a sophisticated backdrop while the bright red detailing adds a touch of energy and excitement. paired with dark pants or jeans, this jacket can create a chic and polished look. it also works well when paired with a solid-colored shirt underneath, showcasing the vibrant red accent in full effect.""";
"67cf2a2c-c10b-50a0-8d5a-f8f2cbacf4b0,jpg,male,top,sweater,classic,black with navy and white accents,all-seasons,wool blend,""this classic black sweater features elegant navy and white accents, showcasing both sophistication and understated elegance. the white collar and trim provide a touch of refinement, while the dark base adds a timeless appeal. it has a cozy, relaxed fit that allows for ease of movement while maintaining a polished appearance. this versatile piece can be worn casually during the day with jeans and chinos, or paired with dress pants for a more formal setting. its all-seasons versatility makes it ideal for transitioning between autumn and winter months, providing warmth and style regardless of the weather.""";
"0611c699-d5f6-5bed-bbc0-8381a5d9b1f8,jpg,male,outerwear,suit,classic,darkslategray with blue and red plaid,all-seasons,wool,""this darkslategray suit features a bold blue and red plaid pattern that adds sophistication and flair to any ensemble. the classic style and traditional cut provide a timeless appeal suitable for both formal and semi-formal occasions. the fabric is made from high-quality wool, ensuring comfort and durability throughout various seasons. this suit pairs effortlessly with a crisp blue button-down shirt, creating a sharp and elegant look. it can also be worn with a cream-colored oxford shirt for a more understated yet sophisticated appearance. the plaid design allows for versatility in matching accessories such as ties, scarves, and belts, offering endless possibilities for personalization. whether attending a business meeting, wedding, or special event, this suit will create a confident and polished impression.""";
"2aeeaa0a-f366-5c09-bd52-4add6b5d33ad,jpg,male,outerwear,jacket,classic,dimgray,winter,fabric,""this dimgray men's winter jacket features a cozy and classic design with a hood that adds warmth and comfort during cold weather. made from durable fabric, it provides excellent insulation against chilly temperatures while maintaining breathability. the sleek silhouette showcases clean lines and minimal detailing, making it versatile enough for both casual and semi-formal occasions. its zipper closure ensures ease of use, while the hood keeps the head warm and protected from wind and rain. this jacket pairs well with jeans, pants, or trousers for a polished look, as well as layering under heavier outerwear when needed. it can also be worn on its own over a simple tee or sweater for a casual vibe.""";
"1d4c1eb4-a598-5fb3-b3e0-08e859e69c55,jpg,male,outerwear,jacket,casual,gray,all-seasons,fabric,""this gray jacket with a hood and hoodie style offers a cozy and casual vibe. it features a soft fabric construction that provides comfort while maintaining warmth. the hood adds versatility, allowing you to wear it both as a standalone piece or paired with a shirt underneath. its relaxed fit ensures ease of movement and accommodates layering options. this jacket pairs well with jeans, sweaters, and tees, making it ideal for everyday wear during autumn and winter months. it creates a laid-back yet stylish impression, perfect for casual outings, chilling at home, or even light outdoor activities.""";
"65f494aa-a7c3-53de-8686-1268eb8b8d5b,jpg,male,outerwear,jacket,outdoor,dimgray,winter,fabric with synthetic insulation,""this dimgray the north face down jacket is an excellent choice for outdoor activities during winter. its sleek and modern design offers comfort and functionality in cold weather conditions. made from durable fabric with synthetic insulation, it provides warmth while maintaining breathability. the jacket features adjustable cuffs and hems, ensuring a secure fit and preventing cold air from entering. it also includes zippered pockets for storing essentials like gloves or phones. this jacket pairs well with casual outfits such as jeans and boots, making it versatile enough for everyday wear or weekend adventures. for a more polished look, pair it with chinos and loafers for a smart-casual ensemble.""";
"d77c78b5-a6cd-557c-b6f2-221673c7c08e,jpg,male,outerwear,jacket,casual,darkslategray with black accents,winter,down,""this darkslategray men's down jacket with a hood offers a casual yet stylish look during cold winter days. the jacket features a cozy hood and hoodie design that provides warmth and comfort while maintaining a modern aesthetic. its down insulation ensures exceptional thermal performance, keeping you warm even in chilly conditions. the darkslategray exterior with subtle black accents adds a touch of sophistication and contrast, making it versatile enough for both casual outings and everyday wear. this jacket can be paired with jeans, sweatpants, or trousers for a relaxed street style outfit. it can also be worn under a heavier coat for added protection against extreme weather. its lightweight construction allows for easy layering, allowing versatility in various settings.""";
"67b040d3-2d7e-557f-bd32-bf482f62694c,jpg,male,bottom,pants,casual,dark gray,all-seasons,cotton,""these dark gray sweat pants feature a classic design with a drawstring waist and cuffs. the lightweight fabric provides comfort while allowing freedom of movement. they have a relaxed fit that hugs the body gently but doesn't restrict mobility. these pants are perfect for everyday casual wear such as running errands, lounging at home, or hanging out with friends. they pair well with a variety of tops like t-shirts, hoodies, or button-down shirts. their neutral shade makes them versatile enough to complement almost any outfit in your wardrobe.""";
"04b15570-7a03-53c4-a2f8-0e0a7a8b98bf,jpg,male,footwear,sneaker,casual,gray with white sheet,all-seasons,sued,""these sleek gray sued slip-on shoes feature a minimalist design with a subtle white sheet detail running along the upper, creating a sophisticated yet understated look. the sued material offers a luxurious feel and a soft touch that enhances comfort during wear. ideal for casual everyday use, these shoes pair effortlessly with jeans, chinos, or even smart-casual ensembles. they provide excellent breathability and durability, making them suitable for various occasions throughout the year.""";
"d4f29580-b36f-552a-90b1-c0a87a72d798,jpg,male,top,sweatshirt,casual,white with silver accents,all-seasons,fabric,""this silver-white sweatshirt features a long-sleeve design with a round neck, offering comfort and style. the white base provides a clean canvas for subtle silver detailing that adds sophistication and modern flair. it has a relaxed fit with a slightly cropped length, making it versatile for layering under jackets or wearing alone. ideal for casual weekends or everyday wear, it pairs well with skinny jeans, chinos, or cargo pants. its lightweight fabric ensures breathability and ease during active days while maintaining warmth in cooler weather.""";
;
;
;
;
;
;
;
;
;
;
;
;
;
;
;
;
;
;
;
;
;
;
;
;
;
;
;
;
;
;
;
;
;
;
;
;
;
;
;
;
;
;
;
;
;
;
;
;
;
;
;
;
;
;
;
;
;
;
;
;
;
;
;
;
;
;
;
;
;
;
;
;
;
;
;
;
;
;
;
;
;
;
;
;
;
;
;
;
;
;
;
;
;
;
;
;
;
;
;
;
;
;
;
;
;
;
;
;
;
;
;
;
;
;
;
;
;
;
;
;
;
;
;
;
;
;
;
;
;
;
;
;
;
;
;
;
;
;
;
;
;
;
;
;
;
;
;
;
;
;
;
;
;
;
;
;
;
;
;
;
;
;
;
;
;
;
;
;
;
;
;
;
;
;
;
;
;
;
;
;
;
;
;
;
;
;
;
;
;
;
;
;
;
;
;
;
;
;
;
;
;
;
;
;
;
;
;
;
;
;
;
;
;
;
;
;
;
;
;
;
;
;
;
;
;
;
;
;
;
;
;
;
;
;
;
;
;
;
;
;
;
;
;
;
;
;
;
;
;
;
;
;
;
;
;
;
;
;
;
;
;
;
;
;
;
;
;
;
;
;
;
;
;
;
;
;
;
;
;
;
;
;
;
;
;
;
;
;
;
;
;
;
;
;
;
;
;
;
;
;
;
;
;
;
;
;
;
;
;
;
;
;
;
;
;
;
;
;
;
;
;
;
;
;
;
;
;
;
;
;
;
;
;
;
;
;
;
;
;
;
;
;
;
;
;
;
;
;
;
;
;
;
;
;
;
;
;
;
;
;
;
;
;
;
;
;
;
;
;
;
;
;
;
;
;
;
;
;
;
;
;
;
;
;
;
;
;
;
;
;
;
;
;
;
;
;
;
;
;
;
;
;
;
;
;
;
;
;
;
;
;
;
;
;
;
;
;
;
;
;
;
;
;
;
;
;
;
;
;
;
;
;
;
;
;
;
;
;
;
;
;
;
;
;
;
;
;
;
;
;
;
;
;
;
;
;
;
;
;
;
;
;
;
;
;
;
;
;
;
;
;
;
;
;
;
;
;
;
;
;
;
;
;
;
;
;
;
;
;
;
;
;
;
;
;
;
;
;
;
;
;
;
;
;" pair it with tailored trousers for a polished business look or opt for jeans and a crisp shirt for a more casual vibe. this jacket is perfect for transitioning between seasons, offering protection from chilly weather while maintaining a timeless appearance."""
;
;
;
;
;
;
;
;
;
;
;
;
;
;
;
;
;
;
;
;
;
;
;
;
;
;
;
;
;
;
;
;
;
;
;
;
;
;
;
;
;
;
;
;
;
;
;
;
;
;
;
;
;
;
;
;
;
;
;
;
;
;
;
;
;
;
;
;
;
;
;
;
;
;
;
;
;
;
;
;
;
;
;
;
;
;
;
;
;
;
;
;
;
;
;
;
;
;
;
;
;
;
;
;
;
;
;
;
;
;
;" it can be worn casually under a blazer for a polished look or paired with jeans and sneakers for an effortless everyday outfit. its sleek black hue provides a neutral base for bold accessories and bright bottoms, making it a staple piece in any woman's wardrobe."""
